symbol,1.0.0,1.2.0,1.3.0,1.4.0
_ZN16GameDataFunction34tryOnDimensionBigCastleGalaxyCometEv,0x000872F0,0x00086F30,0x00086700,0x00086700
_ZN16GameDataFunction13isLuigiPlayerEv,0x00087800,0x00087440,0x00086C10,0x00086C10
_ZN13NerveExecutorC1EPKc,0x000A0BE0,0x000A0990,0x000A0160,0x000A0BC0
_ZN13NerveExecutorD1Ev,0x000A0C14,0x000A09C4,0x000A0194,0x000A0BF4
_ZN13NerveExecutor9initNerveEPK5Nervel,0x000A0C38,0x000A09E8,0x000A01B8,0x000A0C18
_ZN13NerveExecutor11updateNerveEv,0x000A0C84,0x000A0A34,0x000A0204,0x000A0C64
_ZN13NerveExecutor8setNerveEPK5Nerve,0x000A0C94,0x000A0A44,0x000A0214,0x000A0C74
_ZNK13NerveExecutor7isNerveEPK5Nerve,0x000A0C9C,0x000A0A4C,0x000A021C,0x000A0C7C
_ZNK13NerveExecutor12getNerveStepEv,0x000A0CC8,0x000A0A78,0x000A0248,0x000A0CA8
_ZN2MR13isEqualStringEPKcPKc,0x000B6170,0x000B5F20,0x000B58A0,0x000B6320
_ZN2MR17isEqualStringCaseEPKcS1_,0x000B6190,0x000B5F40,0x000B58C0,0x000B6340
_ZN2MR17isStageFileSelectEv,0x000B77A0,0x000B7550,0x000B6ED0,0x000B7950
_ZN2MR39isGalaxyHorrorCometAppearInCurrentStageEv,0x000B95D0,0x000B93B0,0x000B8D50,0x000B97D0
_ZN2MR27explainFlyingMarioIfAtFirstEv,0x000B9980,0x000B9760,0x000B9100,0x000B9B80
_ZN2MR35isOnGameEventFlagFlyingMarioAtFirstEv,0x000B99C0,0x000B97A0,0x000B9140,0x000B9BC0
_ZN2MR33onGameEventFlagFlyingMarioAtFirstEv,0x000B9E80,0x000B9C60,0x000B9600,0x000BA080
_ZN2MR29isOnGameEventFlagNormalEndingEv,0x000BA1C0,0x000B9FA0,0x000B9940,0x000BA3C0
_ZN2MR36isOnGameEventFlag120PowerStarsEndingEv,0x000BA1D0,0x000B9FB0,0x000B9950,0x000BA3D0
_ZN2MR37isGalaxyDarkCometAppearInCurrentStageEv,0x000BA720,0x000BA530,0x000B9ED0,0x000BA950
_ZN2MR38isGalaxyQuickCometAppearInCurrentStageEv,0x000BA730,0x000BA540,0x000B9EE0,0x000BA960
_ZN2MR39isGalaxyPurpleCometAppearInCurrentStageEv,0x000BA740,0x000BA550,0x000B9EF0,0x000BA970
_ZN2MR40isGalaxyRainbowCometAppearInCurrentStageEv,0x000BA750,0x000BA560,0x000B9F00,0x000BA980
_ZN2MR20connectToSceneLayoutEP7NameObj,0x000BB490,0x000BB2A0,0x000BAC40,0x000BB6C0
_ZN7NameObj13startMovementEv,0x000BE5C8,0x000BE558,0x000BDF88,0x000BEA08
_ZN7NameObj11endMovementEv,0x000BE5CC,0x000BE55C,0x000BDF8C,0x000BEA0C
_ZN9LiveActor15updateHitSensorEP9HitSensor,0x000BE5D0,0x000BE560,0x000BDF90,0x000BEA18
_ZN9LiveActor14receiveMsgPushEP9HitSensorS1_,0x000BE5D4,0x000BE564,0x000BDF94,0x000BEA1C
_ZN9LiveActor21receiveMsgEnemyAttackEjP9HitSensorS1_,0x000BE5DC,0x000BE56C,0x000BDF9C,0x000BEA24
_ZN12JMapLinkInfoC1Ev,0x000BE788,0x000BE718,0x000BE148,0x000BEBD0
_ZN12JMapLinkInfoC1ERK12JMapInfoIterb,0x000BE79C,0x000BE72C,0x000BE15C,0x000BEBE4
_ZN12JMapLinkInfo13setLinkedInfoERK12JMapInfoIter,0x000BE7B8,0x000BE748,0x000BE178,0x000BEC00
_ZN12JMapLinkInfo11setLinkInfoERK12JMapInfoIter,0x000BE8A4,0x000BE834,0x000BE264,0x000BECEC
_ZNK12JMapLinkInfo7isValidEv,0x000BEA3C,0x000BE9CC,0x000BE3FC,0x000BEE84
_ZN8JMapInfoC1Ev,0x000BEA64,0x000BE9F4,0x000BE424,0x000BEEAC
_ZN8JMapInfoD1Ev,0x000BEA74,0x000BEA04,0x000BE434,0x000BEEBC
_ZN8JMapInfo6attachEPKv,0x000BEA78,0x000BEA08,0x000BE438,0x000BEEC0
_ZN8JMapInfo7setNameEPKc,0x000BEA8C,0x000BEA1C,0x000BE44C,0x000BEED4
_ZNK8JMapInfo7getNameEv,0x000BEA94,0x000BEA24,0x000BE454,0x000BEEDC
_ZNK8JMapInfo14searchItemInfoEPKc,0x000BEAA0,0x000BEA30,0x000BE460,0x000BEEF0
_ZNK8JMapInfo12getValueTypeEPKc,0x000BEB30,0x000BEAC0,0x000BE4F0,0x000BEF80
_ZNK8JMapInfo12getValueFastEiiPPKc,0x000BEBBC,0x000BEB4C,0x000BE57C,0x000BF00C
_ZNK8JMapInfo12getValueFastEiiPm,0x000BEC0C,0x000BEB9C,0x000BE5CC,0x000BF05C
_ZNK8JMapInfo12getValueFastEiiPl,0x000BEC94,0x000BEC24,0x000BE654,0x000BF0E4
_ZN2MR11getHashCodeEPKc,0x000BEE70,0x000BEE00,0x000BE830,0x000BF2C0
_ZN2MR13getObjectNameEPPKcRK12JMapInfoIter,0x000D1820,0x000D17B0,0x000D11E0,0x000D1C70
_ZN2MR12isObjectNameERK12JMapInfoIterPKc,0x000D18F0,0x000D1880,0x000D12B0,0x000D1D40
_ZN2MR17validateHitSensorEP9HitSensor,0x000D9B50,0x000D9B80,0x000D9880,0x000DA040
_ZN2MR19invalidateHitSensorEP9HitSensor,0x000D9E20,0x000D9E50,0x000D9890,0x000DA310
_ZN2MR12isSensorTypeEPK9HitSensorm,0x000D9E30,0x000D9E60,0x000D95B0,0x000DA320
_ZN23ActorStateBaseInterface4initEv,0x0012D364,0x0012D774,0x0012D1D4,0x0012DC94
_ZN23ActorStateBaseInterface7controlEv,0x0012D648,0x0012DA58,0x0012D4B8,0x0012DF78
_ZN13EventFunction17isStartCometEventEPKc,0x001386E0,0x00138AF0,0x00138550,0x00139010
_ZN9LiveActorC1EPKc,0x0015C6C8,0x0015CCA8,0x0015C708,0x0015D338
_ZN9LiveActor4initERK12JMapInfoIter,0x0015C76C,0x0015CD4C,0x0015C7AC,0x0015D3DC
_ZN9LiveActor6appearEv,0x0015C770,0x0015CD50,0x0015C7B0,0x0015D3E0
_ZN9LiveActor17makeActorAppearedEv,0x0015C77C,0x0015CD5C,0x0015C7BC,0x0015D3EC
_ZN9LiveActor4killEv,0x0015C81C,0x0015CDFC,0x0015C85C,0x0015D48C
_ZN9LiveActor13makeActorDeadEv,0x0015C870,0x0015CE50,0x0015C8B0,0x0015D4E0
_ZN9LiveActor8movementEv,0x0015C8E8,0x0015CEC8,0x0015C928,0x0015D558
_ZN9LiveActor8calcAnimEv,0x0015CA48,0x0015D028,0x0015CA88,0x0015D6B8
_ZN9LiveActor10calcAnmMtxEv,0x0015CABC,0x0015D09C,0x0015CAFC,0x0015D72C
_ZN9LiveActor16calcViewAndEntryEv,0x0015CB0C,0x0015D0EC,0x0015CB4C,0x0015D77C
_ZN9LiveActor14receiveMessageEjP9HitSensorS1_,0x0015CB24,0x0015D104,0x0015CB64,0x0015D794
_ZN9LiveActor17calcAndSetBaseMtxEv,0x0015CB78,0x0015D158,0x0015CBB8,0x0015D7E8
_ZNK9LiveActor12getTakingMtxEv,0x0015CC14,0x0015D1F4,0x0015CC54,0x0015D884
_ZN9LiveActor8setNerveEPK5Nerve,0x0015CC20,0x0015D200,0x0015CC60,0x0015D890
_ZNK9LiveActor7isNerveEPK5Nerve,0x0015CC28,0x0015D208,0x0015CC68,0x0015D898
_ZNK9LiveActor12getNerveStepEv,0x0015CC54,0x0015D234,0x0015CC94,0x0015D8C4
_ZNK9LiveActor9getSensorEPKc,0x0015CC60,0x0015D240,0x0015CCA0,0x0015D8D0
_ZNK9LiveActor10getBaseMtxEv,0x0015CC70,0x0015D250,0x0015CCB0,0x0015D8E0
_ZN9LiveActor12startClippedEv,0x0015CCA0,0x0015D280,0x0015CCE0,0x0015D910
_ZN9LiveActor10endClippedEv,0x0015CD00,0x0015D2E0,0x0015CD40,0x0015D970
_ZN9LiveActor23initModelManagerWithAnmEPKcPKcPKcb,0x0015CD64,0x0015D344,0x0015CDA4,0x0015D9D4
_ZN9LiveActor9initNerveEPK5Nervel,0x0015CE0C,0x0015D3EC,0x0015CE4C,0x0015DA7C
_ZN9LiveActor13initHitSensorEl,0x0015CE58,0x0015D438,0x0015CE98,0x0015DAC8
_ZN9LiveActor10initBinderEffm,0x0015CE98,0x0015D478,0x0015CED8,0x0015DB08
_ZN9LiveActor13initRailRiderERK12JMapInfoIter,0x0015CF38,0x0015D518,0x0015CF78,0x0015DBA8
_ZN9LiveActor16initEffectKeeperElPKcb,0x0015CF78,0x0015D558,0x0015CFB8,0x0015DBE8
_ZN9LiveActor9initSoundElPKcNPK9JGeometry5TVec3IfEENRK9JGeometry5TVec3IfEE,0x0015D020,0x0015D600,0x0015D060,0x0015DC90
_ZN9LiveActor24initShadowControllerListEm,0x0015D088,0x0015D668,0x0015D0C8,0x0015DCF8
_ZN9LiveActor23initActorCollisionPartsEPKcP9HitSensorP14ResourceHolderPA4_fbb,0x0015D0CC,0x0015D6AC,0x0015D10C,0x0015DD3C
_ZN9LiveActor15initStageSwitchERK12JMapInfoIter,0x0015D1C0,0x0015D7A0,0x0015D200,0x0015DE30
_ZN9LiveActor26initActorStarPointerTargetEfNPK9JGeometry5TVec3IfEEPA4_fN9JGeometry5TVec3IfEE,0x0015D1E4,0x0015D7C4,0x0015D224,0x0015DE54
_ZN9LiveActor18initActorLightCtrlEv,0x0015D25C,0x0015D83C,0x0015D29C,0x0015DECC
_ZN9LiveActor12attackSensorEP9HitSensorS1_,0x0015D290,0x0015D870,0x0015D2D0,0x0015DF00
_ZN9LiveActorD1Ev,0x0015D294,0x0015D874,0x0015D2D4,0x0015DF04
_ZN9LiveActor7controlEv,0x0015D2B8,0x0015D898,0x0015D2F8,0x0015DF28
_ZN9LiveActor22receiveMsgPlayerAttackEmP9HitSensorP9HitSensor,0x0015D2BC,0x0015D89C,0x0015D2FC,0x0015DF2C
_ZN9LiveActor15receiveOtherMsgEmP9HitSensorP9HitSensor,0x0015D2C4,0x0015D8A4,0x0015D304,0x0015DF34
_ZN13LiveActorFlagC1Ev,0x0015D2CC,0x0015D8AC,0x0015D30C,0x0015DF3C
_ZN11SensorGroupC1EiPKc,0x0015E6A0,0x0015EC80,0x0015E6E0,0x0015F310
_ZN11SensorGroup3addEP9HitSensor,0x0015E704,0x0015ECE4,0x0015E744,0x0015F374
_ZN11SensorGroup6removeEP9HitSensor,0x0015E730,0x0015ED10,0x0015E770,0x0015F3A0
_ZN16SensorHitCheckerC1EPKc,0x0015E788,0x0015ED68,0x0015E7C8,0x0015F3F8
_ZN16SensorHitChecker4initERK12JMapInfoIter,0x0015E884,0x0015EE64,0x0015E8C4,0x0015F4F4
_ZN16SensorHitChecker9initGroupEP9HitSensor,0x0015E898,0x0015EE78,0x0015E8D8,0x0015F508
_ZN16SensorHitChecker8movementEv,0x0015E9C0,0x0015EFA0,0x0015EA00,0x0015F630
_ZNK16SensorHitChecker13doObjColGroupEP11SensorGroupP11SensorGroup,0x0015EB90,0x0015F170,0x0015EBD0,0x0015F800
_ZNK16SensorHitChecker19doObjColInSameGroupEP11SensorGroup,0x0015ED00,0x0015F2E0,0x0015ED40,0x0015F970
_ZN2MR18initHitSensorGroupEP9HitSensor,0x0015EE40,0x0015F420,0x0015EE80,0x0015FAB0
_ZN16SensorHitCheckerD1Ev,0x0015EE6C,0x0015F44C,0x0015EEAC,0x0015FADC
_ZN15HitSensorKeeperC1Ei,0x0015EE90,0x0015F470,0x0015EED0,0x0015FB00
_ZN15HitSensorKeeper3addEPKcmtfP9LiveActorNRK9JGeometry5TVec3IfEE,0x0015EEF4,0x0015F4D4,0x0015EF34,0x0015FB64
_ZN15HitSensorKeeper11addCallbackEPKcmtfP9LiveActor,0x0015EFB8,0x0015F598,0x0015EFF8,0x0015FC28
_ZNK15HitSensorKeeper9getSensorEPKc,0x0015F090,0x0015F670,0x0015F0D0,0x0015FD00
_ZN15HitSensorKeeper6updateEv,0x0015F150,0x0015F730,0x0015F190,0x0015FDC0
_ZN15HitSensorKeeper8doObjColEv,0x0015F1A0,0x0015F780,0x0015F1E0,0x0015FE10
_ZN15HitSensorKeeper5clearEv,0x0015F1F0,0x0015F7D0,0x0015F230,0x0015FE60
_ZN15HitSensorKeeper8validateEv,0x0015F230,0x0015F810,0x0015F270,0x0015FEA0
_ZN15HitSensorKeeper10invalidateEv,0x0015F280,0x0015F860,0x0015F2C0,0x0015FEF0
_ZN15HitSensorKeeper16validateBySystemEv,0x0015F2D0,0x0015F8B0,0x0015F310,0x0015FF40
_ZN15HitSensorKeeper18invalidateBySystemEv,0x0015F320,0x0015F900,0x0015F360,0x0015FF90
_ZNK15HitSensorKeeper16getNthSensorInfoEi,0x0015F36C,0x0015F94C,0x0015F3AC,0x0015FFDC
_ZNK15HitSensorKeeper13getSensorInfoEPKc,0x0015F380,0x0015F960,0x0015F3C0,0x0015FFF0
_ZN9HitSensorC1EmtfP9LiveActor,0x0015F440,0x0015FA20,0x0015F480,0x001600B0
_ZN9HitSensor14receiveMessageEmP9HitSensor,0x0015F4C8,0x0015FAA8,0x0015F508,0x00160138
_ZN9HitSensor7setTypeEm,0x0015F4DC,0x0015FABC,0x0015F51C,0x0016014C
_ZNK9HitSensor6isTypeEm,0x0015F554,0x0015FB34,0x0015F594,0x001601C4
_ZN9HitSensor8validateEv,0x0015F564,0x0015FB44,0x0015F5A4,0x001601D4
_ZN9HitSensor10invalidateEv,0x0015F594,0x0015FB74,0x0015F5D4,0x00160204
_ZN9HitSensor16validateBySystemEv,0x0015F5DC,0x0015FBBC,0x0015F61C,0x0016024C
_ZN9HitSensor18invalidateBySystemEv,0x0015F628,0x0015FC08,0x0015F668,0x00160298
_ZN9HitSensor12addHitSensorEP9HitSensor,0x0015F670,0x0015FC50,0x0015F6B0,0x001602E0
_ZN13HitSensorInfo12setFollowPosENPK9JGeometry5TVec3IfEE,0x0015F698,0x0015FC78,0x0015F6D8,0x00160308
_ZN13HitSensorInfo12setFollowMtxEPA4_f,0x0015F6A0,0x0015FC80,0x0015F6E0,0x00160310
_ZN13HitSensorInfoC1EPKcP9HitSensorNPK9JGeometry5TVec3IfEEPA4_fNRK9JGeometry5TVec3IfEEb,0x0015F6A8,0x0015FC88,0x0015F6E8,0x00160318
_ZN13HitSensorInfo6updateEv,0x0015F714,0x0015FCF4,0x0015F754,0x00160384
_ZN13HitSensorInfo8doObjColEv,0x0015F870,0x0015FE50,0x0015F8B0,0x001604E0
_ZN5SpineC1EPvPK5Nervel,0x00168EEC,0x001694DC,0x00168F3C,0x00169B6C
_ZN5Spine6updateEv,0x00168F44,0x00169534,0x00168F94,0x00169BC4
_ZN5Spine8setNerveEPK5Nerve,0x00168FE0,0x001695D0,0x00169030,0x00169C60
_ZNK5Spine15getCurrentNerveEv,0x0016902C,0x0016961C,0x0016907C,0x00169CAC
_ZN16ActorStateKeeperC1Ei,0x00169040,0x00169630,0x00169090,0x00169CC0
_ZN16ActorStateKeeper8addStateEP23ActorStateBaseInterfacePK5NervePKc,0x001690D0,0x001696C0,0x00169120,0x00169D50
_ZN16ActorStateKeeper18updateCurrentStateEv,0x001690F8,0x001696E8,0x00169148,0x00169D78
_ZN16ActorStateKeeper10startStateEPK5Nerve,0x00169120,0x00169710,0x00169170,0x00169DA0
_ZNK16ActorStateKeeper6isDeadEv,0x00169164,0x00169754,0x001691B4,0x00169DE4
_ZN16ActorStateKeeper8endStateEPK5Nerve,0x00169188,0x00169778,0x001691D8,0x00169E08
_ZN23ActorStateBaseInterface6updateEv,0x00170508,0x00170AF8,0x00170558,0x00171188
_ZN23ActorStateBaseInterface6appearEv,0x0017055C,0x00170B4C,0x001705AC,0x001711DC
_ZN23ActorStateBaseInterface4killEv,0x00170564,0x00170B54,0x001705B4,0x001711E4
_ZN7NameObjC1EPKc,0x00175E64,0x00176454,0x00175EB4,0x00176AE4
_ZN7NameObj7setNameEPKc,0x00175EBC,0x001764AC,0x00175F0C,0x00176B3C
_ZN7NameObjD1Ev,0x00175ED8,0x001764C8,0x00175F28,0x00176B58
_ZN7NameObj4initERK12JMapInfoIter,0x00175EFC,0x001764EC,0x00175F4C,0x00176B7C
_ZN7NameObj18initAfterPlacementEv,0x00175F00,0x001764F0,0x00175F50,0x00176B80
_ZN7NameObj8movementEv,0x00175F04,0x001764F4,0x00175F54,0x00176B84
_ZNK7NameObj4drawEv,0x00175F08,0x001764F8,0x00175F58,0x00176B88
_ZN7NameObj8calcAnimEv,0x00175F0C,0x001764FC,0x00175F5C,0x00176B8C
_ZN7NameObj16calcViewAndEntryEv,0x00175F10,0x00176500,0x00175F60,0x00176B90
_ZN7NameObj15initWithoutIterEv,0x00175F14,0x00176504,0x00175F64,0x00176B94
_ZN7NameObj13setLinkedInfoERK12JMapInfoIter,0x00175F48,0x00176538,0x00175F98,0x00176BC8
_ZN7NameObj15executeMovementEv,0x00175F50,0x00176540,0x00175FA0,0x00176BD0
_ZN7NameObj13syncWithFlagsEv,0x00175F68,0x00176558,0x00175FB8,0x00176BE8
_ZN15NameObjFunction17requestMovementOnEP7NameObj,0x00175FA0,0x00176590,0x00175FF0,0x00176C20
_ZN15NameObjFunction18requestMovementOffEP7NameObj,0x00175FD0,0x001765C0,0x00176020,0x00176C50
_ZN14NameObjFactory10getCreatorEPKc,0x00177ED0,0x001784C0,0x00177F20,0x00178B50
_ZN14NameObjFactory13createNameObjI16BenefitItemOneUpEEP7NameObjPKc,0x0017BF70,0x0017C5A0,0x0017C000,0x0017CC30
_ZNK15MorphItemObjNeo6isDemoEv,0x0018034C,0x0018097C,0x001803DC,0x0018100C
_ZN15MorphItemObjNeo17emitAppearEffectsEv,0x0018036C,0x0018099C,0x001803FC,0x0018102C
_ZN15MorphItemObjNeo20appearTransformationEv,0x00180370,0x001809A0,0x00180400,0x00181030
_ZN15MorphItemObjNeo18killTransformationEv,0x00180374,0x001809A4,0x00180404,0x00181034
_ZN14SceneObjHolderC1Ev,0x00180D48,0x00181378,0x00180DD8,0x00181A08
_ZN14SceneObjHolder10newEachObjEi,0x00180D54,0x00181384,0x00180DE4,0x00181A14
_ZNK14SceneObjHolder6getObjEi,0x0018215C,0x0018278C,0x001821EC,0x00182E1C
_ZN2MR14createSceneObjEi,0x00182170,0x001827A0,0x00182200,0x00182E30
_ZN9GameSceneC1Ev,0x00183568,0x00183BF8,0x00183658,0x00184288
_ZN9GameSceneD1Ev,0x00183690,0x00183D20,0x00183780,0x001843B0
_ZN9GameScene4initEv,0x001836C0,0x00183D50,0x001837B0,0x001843E0
_ZN14GameScenePatch4initEv,0x001836C0,0x00183D50,0x001837B0,0x001843E0
_ZN5SceneC1EPKc,0x00184A54,0x00185114,0x00184B74,0x001857A4
_ZN5SceneD1Ev,0x00184ADC,0x0018519C,0x00184BFC,0x0018582C
_ZN5Scene4initEv,0x00184B00,0x001851C0,0x00184C20,0x00185850
_ZN5Scene5startEv,0x00184B04,0x001851C4,0x00184C24,0x00185854
_ZN5Scene6updateEv,0x00184B08,0x001851C8,0x00184C28,0x00185858
_ZNK5Scene4drawEv,0x00184B0C,0x001851CC,0x00184C2C,0x0018585C
_ZN5Scene8calcAnimEv,0x00184B10,0x001851D0,0x00184C30,0x00185860
_ZN5Scene23initNameObjListExecutorEv,0x00184B14,0x001851D4,0x00184C34,0x00185864
_ZN5Scene18initSceneObjHolderEv,0x00184B5C,0x0018521C,0x00184C7C,0x001858AC
_ZN10MarioActorC1EPKc,0x001E8834,0x001E94F4,0x001E9044,0x001E9D64
_ZN15MarioActorPatch21MarioActorConstructorEv,0x001E8834,0x001E94F4,0x001E9044,0x001E9D64
_ZN10MarioActor20takenDamageBehaviourEv,0x001ED330,0x001EDFE0,0x001EDB30,0x001EE878
_ZN15MarioActorPatch20takenDamageBehaviourEv,0x001ED330,0x001EDFE0,0x001EDB30,0x001EE878
_ZN10MarioActor7incLifeEj,0x001ED42C,0x001EE0DC,0x001EDC2C,0x001EE974
_ZN15MarioActorPatch7incLifeEv,0x001ED42C,0x001EE0DC,0x001EDC2C,0x001EE974
_ZN10MarioActor19LifeRelatedFunctionEv,0x001FA7F0,0x001FB4C0,0x001FB040,0x001FBDC0
_ZN15MarioActorPatch19LifeRelatedFunctionEv,0x001FA7F0,0x001FB4C0,0x001FB040,0x001FBDC0
_ZN11LayoutActorC1EPKcb,0x002535C0,0x00254370,0x00254090,0x00254E40
_ZN11LayoutActorC2EPKcb,0x002535C0,0x00254370,0x00254090,0x00254E40
_ZN11LayoutActor8movementEv,0x00253604,0x002543B4,0x002540D4,0x00254E84
_ZNK11LayoutActor16getLayoutManagerEv,0x00253680,0x00254430,0x00254150,0x00254F00
_ZN11LayoutActor8calcAnimEv,0x00253688,0x00254438,0x00254158,0x00254F08
_ZNK11LayoutActor4drawEv,0x002536BC,0x0025446C,0x0025418C,0x00254F3C
_ZN11LayoutActor6appearEv,0x002536F0,0x002544A0,0x002541C0,0x00254F70
_ZN11LayoutActor4killEv,0x00253700,0x002544B0,0x002541D0,0x00254F80
_ZNK11LayoutActor8setNerveEPK5Nerve,0x00253730,0x002544E0,0x00254200,0x00254FB0
_ZNK11LayoutActor7isNerveEPK5Nerve,0x00253738,0x002544E8,0x00254208,0x00254FB8
_ZNK11LayoutActor12getNerveStepEv,0x00253764,0x00254514,0x00254234,0x00254FE4
_ZNK11LayoutActor8getTransEv,0x00253770,0x00254520,0x00254240,0x00254FF0
_ZN11LayoutActor8setTransENRK9JGeometry5TVec2IfEE,0x002537A8,0x00254558,0x00254278,0x00255028
_ZN11LayoutActor16createPaneMtxRefEPKc,0x002537E4,0x00254594,0x002542B4,0x00255064
_ZN11LayoutActor13getPaneMtxRefEPKc,0x002537EC,0x0025459C,0x002542BC,0x0025506C
_ZN11LayoutActor17initLayoutManagerEPKcj,0x002537F4,0x002545A4,0x002542C4,0x00255074
_ZN11LayoutActor34initLayoutManagerNoConvertFilenameEPKcj,0x00253844,0x002545F4,0x00254314,0x002550C4
_ZN11LayoutActor17initLayoutManagerEPKcjj,0x00253894,0x00254644,0x00254364,0x00255114
_ZN11LayoutActor9initNerveEPK5Nerve,0x002538F0,0x002546A0,0x002543C0,0x00255170
_ZN11LayoutActor16initEffectKeeperEiPKcPK12EffectSystem,0x00253938,0x002546E8,0x00254408,0x002551B8
_ZN11LayoutActor18initPointingTargetEi,0x002539A0,0x00254750,0x00254470,0x00255220
_ZN11LayoutActorD1Ev,0x00253A44,0x002547F4,0x00254514,0x002552C4
_ZN11LayoutActor7controlEv,0x00253A68,0x00254818,0x00254538,0x002552E8
_ZN15LayoutActorFlagC1Ev,0x00253A6C,0x0025481C,0x0025453C,0x002552EC
_ZN17StarPointerTargetC1EfNPK9JGeometry5TVec3IfEEPA4_fN9JGeometry5TVec3IfEE,0x0025A510,0x0025B2C0,0x0025AFE0,0x0025BD90
_ZN28CounterLayoutControllerPatch4initEv,0x0026A7D0,0x0026B6A0,0x0026B3C0,0x0026C1F0
_ZN10ChipHolderC1EPKcl,0x0033EAB8,0x00341088,0x00340E68,0x00341E28
_ZN10ChipHolderC2EPKcl,0x0033EAB8,0x00341088,0x00340E68,0x00341E28
_ZN10ChipHolder4initERK12JMapInfoIter,0x0033EAF4,0x003410C4,0x00340EA4,0x00341E64
_ZN2MR16createChipHolderEl,0x0033EBA0,0x00341170,0x00340F50,0x00341F10
_ZN2MR17registerChipGroupElP9ChipGroup,0x0033EBC0,0x00341190,0x00340F70,0x00341F30
_ZN10ChipHolderD1Ev,0x0033EFC4,0x00341594,0x00341374,0x00342334
_ZN11ChipCounterC1EPKcl,0x0033EFE8,0x003415B8,0x00341398,0x00342358
_ZN11ChipCounterC2EPKcl,0x0033EFE8,0x003415B8,0x00341398,0x00342358
_ZN11ChipCounter4initERK12JMapInfoIter,0x0033F034,0x00341604,0x003413E4,0x003423A4
_ZN11ChipCounter7controlEv,0x0033F1D0,0x003417A0,0x00341580,0x00342540
_ZN11ChipCounterD1Ev,0x0033F864,0x00341E34,0x00341C14,0x00342BD4
_ZN9ChipGroup4initERK12JMapInfoIter,0x00344044,0x00346614,0x003463F4,0x003473B4
_ZN9ChipGroup8movementEv,0x00344368,0x00346938,0x00346718,0x00346938
_ZN9ChipGroupC1EPKcl,0x003445C4,0x00346B94,0x00346974,0x00347934
_ZN9ChipGroupC2EPKcl,0x003445C4,0x00346B94,0x00346974,0x00347934
_ZN9ChipGroupD1Ev,0x00344650,0x00346C20,0x00346A00,0x003479C0
_ZN8ChipBaseC1EPKclS1_,0x003446D8,0x00346CA8,0x00346A88,0x00347A48
_ZN8ChipBaseC2EPKclS1_,0x003446D8,0x00346CA8,0x00346A88,0x00347A48
_ZN8ChipBase4initERK12JMapInfoIter,0x00344738,0x00346D08,0x00346AE8,0x00347AA8
_ZN8ChipBase13initJMapParamERK12JMapInfoIter,0x003448CC,0x00346E9C,0x00346C7C,0x00347C3C
_ZN8ChipBase9initModelERK12JMapInfoIter,0x00344968,0x00346F38,0x00346D18,0x00347CD8
_ZN8ChipBase10initShadowERK12JMapInfoIter,0x00344A18,0x00346FE8,0x00346DC8,0x00347D88
_ZN8ChipBase18initAfterPlacementEv,0x00344B74,0x00347144,0x00346F24,0x00347EE4
_ZN8ChipBase8deactiveEv,0x00344BB0,0x00347180,0x00346F60,0x00347F20
_ZN8ChipBase10setGroupIDEl,0x00344BE4,0x003471B4,0x00346F94,0x00347F54
_ZN8ChipBase7setHostEP9LiveActor,0x00344BEC,0x003471BC,0x00346F9C,0x00347F5C
_ZN8ChipBase17makeActorAppearedEv,0x00344BF4,0x003471C4,0x00346FA4,0x00347F64
_ZN8ChipBase13makeActorDeadEv,0x00344C58,0x00347228,0x00347008,0x00347FC8
_ZN8ChipBase7controlEv,0x00344C8C,0x0034725C,0x0034703C,0x00347FFC
_ZN8ChipBase10appearWaitEv,0x00344CF8,0x003472C8,0x003470A8,0x00348068
_ZN8ChipBase14appearFlashingEl,0x00344D6C,0x0034733C,0x0034711C,0x003480DC
_ZN8ChipBase15receiveOtherMsgEjP9HitSensorS1_,0x00344DF0,0x003473C0,0x003471A0,0x00348160
_ZN8ChipBase10requestGetEP9HitSensorS1_,0x00344F80,0x00347550,0x00347330,0x003482F0
_ZNK8ChipBase10isGettableEv,0x00345054,0x00347640,0x00347420,0x003483E0
_ZN8ChipBaseD1Ev,0x0034547C,0x00347A68,0x00347848,0x00348808
_ZN15MorphItemObjNeoC1EPKc,0x0035CB80,0x0035F170,0x0035EF50,0x0035FF10
_ZN15MorphItemObjNeoC2EPKc,0x0035CB80,0x0035F170,0x0035EF50,0x0035FF10
_ZN15MorphItemObjNeo4initERK12JMapInfoIter,0x0035CBDC,0x0035F1CC,0x0035EFAC,0x0035FF6C
_ZN15MorphItemObjNeo18initAfterPlacementEv,0x0035D150,0x0035F740,0x0035F520,0x003604E0
_ZN15MorphItemObjNeo17makeActorAppearedEv,0x0035D16C,0x0035F75C,0x0035F53C,0x003604FC
_ZN15MorphItemObjNeo13makeActorDeadEv,0x0035D1A8,0x0035F798,0x0035F578,0x00360538
_ZN15MorphItemObjNeo6appearEv,0x0035D1DC,0x0035F7CC,0x0035F5AC,0x0036056C
_ZN15MorphItemObjNeo4killEv,0x0035D2BC,0x0035F8AC,0x0035F68C,0x0036064C
_ZN15MorphItemObjNeo7controlEv,0x0035D2EC,0x0035F8DC,0x0035F6BC,0x0036067C
_ZN15MorphItemObjNeo17calcAndSetBaseMtxEv,0x0035D6CC,0x0035FCBC,0x0035FA9C,0x00360A5C
_ZN15MorphItemObjNeo22receiveMsgPlayerAttackEjP9HitSensorS1_,0x0035D924,0x0035FF14,0x0035FCF4,0x00360CB4
_ZN15MorphItemObjNeo15receiveOtherMsgEjP9HitSensorS1_,0x0035DA44,0x00360034,0x0035FE14,0x00360DD4
_ZN2MR19tryCreateDummyModelEP9LiveActorRK12JMapInfoIterli,0x00373200,0x003757E0,0x003755D0,0x003757E0
_ZN19MorphItemCollectionC1EPKc,0x0039F050,0x003A16A0,0x003A1490,0x003A24F0
_ZN19MorphItemCollectionC2EPKc,0x0039F050,0x003A16A0,0x003A1490,0x003A24F0
_ZN19MorphItemCollection4initERK12JMapInfoIter,0x0039F08C,0x003A16DC,0x003A14CC,0x003A252C
_ZN24MorphItemCollectionPatch4initEv,0x0039F08C,0x003A16DC,0x003A14CC,0x003A252C
_ZN19MorphItemCollection16initPowerUpModelERK12JMapInfoIter,0x0039F114,0x003A1764,0x003A1554,0x003A25B4
_ZN19MorphItemCollection17calcAndSetBaseMtxEv,0x0039F250,0x003A18A0,0x003A1690,0x003A26F0
_ZN19MorphItemCollectionD1Ev,0x0039F2B4,0x003A1904,0x003A16F4,0x003A2754
_ZN19MorphItemCollection7exeWaitEv,0x0039F2D8,0x003A1928,0x003A1718,0x003A2778
_ZN19NameObjFactoryPatch19NameObjListAccessorEv,0x009088D0,0x0090F8D0,0x009108F0,0x00912B40
